{
  "test_loss": 0.09145127236843109,
  "test_accuracy": 0.9687207341194153,
  "test_top_k_accuracy": 0.9989456534385681,
  "classification_report": {
    "0": {
      "precision": 0.9703703703703703,
      "recall": 0.9357142857142857,
      "f1-score": 0.9527272727272728,
      "support": 140.0
    },
    "1": {
      "precision": 1.0,
      "recall": 0.9951219512195122,
      "f1-score": 0.9975550122249389,
      "support": 205.0
    },
    "2": {
      "precision": 0.968421052631579,
      "recall": 0.9735449735449735,
      "f1-score": 0.9709762532981531,
      "support": 189.0
    },
    "3": {
      "precision": 1.0,
      "recall": 1.0,
      "f1-score": 1.0,
      "support": 211.0
    },
    "4": {
      "precision": 1.0,
      "recall": 1.0,
      "f1-score": 1.0,
      "support": 161.0
    },
    "5": {
      "precision": 1.0,
      "recall": 1.0,
      "f1-score": 1.0,
      "support": 229.0
    },
    "6": {
      "precision": 1.0,
      "recall": 1.0,
      "f1-score": 1.0,
      "support": 146.0
    },
    "7": {
      "precision": 1.0,
      "recall": 1.0,
      "f1-score": 1.0,
      "support": 166.0
    },
    "8": {
      "precision": 0.9950980392156863,
      "recall": 0.9902439024390244,
      "f1-score": 0.9926650366748166,
      "support": 205.0
    },
    "9": {
      "precision": 1.0,
      "recall": 1.0,
      "f1-score": 1.0,
      "support": 208.0
    },
    "A": {
      "precision": 0.9928400954653938,
      "recall": 0.9976019184652278,
      "f1-score": 0.9952153110047847,
      "support": 417.0
    },
    "B": {
      "precision": 0.9929577464788732,
      "recall": 0.9791666666666666,
      "f1-score": 0.986013986013986,
      "support": 288.0
    },
    "C": {
      "precision": 1.0,
      "recall": 1.0,
      "f1-score": 1.0,
      "support": 210.0
    },
    "D": {
      "precision": 0.9847560975609756,
      "recall": 0.99079754601227,
      "f1-score": 0.9877675840978594,
      "support": 326.0
    },
    "E": {
      "precision": 0.9890909090909091,
      "recall": 0.9645390070921985,
      "f1-score": 0.9766606822262118,
      "support": 282.0
    },
    "F": {
      "precision": 0.9845201238390093,
      "recall": 0.9784615384615385,
      "f1-score": 0.9814814814814815,
      "support": 325.0
    },
    "G": {
      "precision": 1.0,
      "recall": 1.0,
      "f1-score": 1.0,
      "support": 190.0
    },
    "H": {
      "precision": 0.930379746835443,
      "recall": 0.9576547231270358,
      "f1-score": 0.9438202247191011,
      "support": 307.0
    },
    "I": {
      "precision": 0.9447852760736196,
      "recall": 0.9935483870967742,
      "f1-score": 0.9685534591194969,
      "support": 155.0
    },
    "J": {
      "precision": 1.0,
      "recall": 0.9945054945054945,
      "f1-score": 0.9972451790633609,
      "support": 182.0
    },
    "K": {
      "precision": 0.992831541218638,
      "recall": 1.0,
      "f1-score": 0.9964028776978417,
      "support": 277.0
    },
    "L": {
      "precision": 1.0,
      "recall": 1.0,
      "f1-score": 1.0,
      "support": 164.0
    },
    "M": {
      "precision": 0.8161993769470405,
      "recall": 0.8821548821548821,
      "f1-score": 0.8478964401294499,
      "support": 297.0
    },
    "N": {
      "precision": 0.7877697841726619,
      "recall": 0.7474402730375427,
      "f1-score": 0.7670753064798599,
      "support": 293.0
    },
    "O": {
      "precision": 0.9457013574660633,
      "recall": 0.9812206572769953,
      "f1-score": 0.9631336405529954,
      "support": 213.0
    },
    "P": {
      "precision": 0.9960629921259843,
      "recall": 0.9656488549618321,
      "f1-score": 0.9806201550387597,
      "support": 262.0
    },
    "Q": {
      "precision": 0.9930313588850174,
      "recall": 0.986159169550173,
      "f1-score": 0.9895833333333334,
      "support": 289.0
    },
    "R": {
      "precision": 0.8690095846645367,
      "recall": 0.8292682926829268,
      "f1-score": 0.8486739469578783,
      "support": 328.0
    },
    "S": {
      "precision": 0.9777070063694268,
      "recall": 1.0,
      "f1-score": 0.9887278582930756,
      "support": 307.0
    },
    "T": {
      "precision": 0.9889196675900277,
      "recall": 0.9944289693593314,
      "f1-score": 0.9916666666666667,
      "support": 359.0
    },
    "U": {
      "precision": 0.9949748743718593,
      "recall": 0.9658536585365853,
      "f1-score": 0.9801980198019802,
      "support": 205.0
    },
    "V": {
      "precision": 0.9740932642487047,
      "recall": 0.9690721649484536,
      "f1-score": 0.9715762273901809,
      "support": 194.0
    },
    "W": {
      "precision": 1.0,
      "recall": 0.9880952380952381,
      "f1-score": 0.9940119760479041,
      "support": 168.0
    },
    "X": {
      "precision": 0.996268656716418,
      "recall": 0.9744525547445255,
      "f1-score": 0.985239852398524,
      "support": 274.0
    },
    "Y": {
      "precision": 0.9485981308411215,
      "recall": 0.9902439024390244,
      "f1-score": 0.9689737470167065,
      "support": 205.0
    },
    "Z": {
      "precision": 0.9875776397515528,
      "recall": 1.0,
      "f1-score": 0.99375,
      "support": 159.0
    },
    "accuracy": 0.9687207122774133,
    "macro avg": {
      "precision": 0.9728323525814141,
      "recall": 0.9729149725592365,
      "f1-score": 0.9727280980682392,
      "support": 8536.0
    },
    "weighted avg": {
      "precision": 0.9688506993828356,
      "recall": 0.9687207122774133,
      "f1-score": 0.9686309457678679,
      "support": 8536.0
    }
  },